,Compound Score,Date,Negative Score,Neutral Score,News Organization,Positive Score,Tweets Ago
0,-0.5994,Thu Aug 02 00:00:24 +0000 2018,0.302,0.698,@BBCWorld,0.0,0
1,0.0,Wed Aug 01 23:45:14 +0000 2018,0.0,1.0,@BBCWorld,0.0,1
2,0.0,Wed Aug 01 23:11:21 +0000 2018,0.0,1.0,@BBCWorld,0.0,2
3,-0.7906,Wed Aug 01 23:08:37 +0000 2018,0.438,0.562,@BBCWorld,0.0,3
4,0.34,Wed Aug 01 22:40:25 +0000 2018,0.144,0.625,@BBCWorld,0.231,4
5,0.4215,Wed Aug 01 20:56:18 +0000 2018,0.0,0.872,@BBCWorld,0.128,5
6,-0.0516,Wed Aug 01 20:14:58 +0000 2018,0.118,0.882,@BBCWorld,0.0,6
7,-0.4588,Wed Aug 01 19:48:28 +0000 2018,0.13,0.87,@BBCWorld,0.0,7
8,-0.3182,Wed Aug 01 19:31:55 +0000 2018,0.277,0.723,@BBCWorld,0.0,8
9,0.0,Wed Aug 01 19:02:10 +0000 2018,0.0,1.0,@BBCWorld,0.0,9
10,0.0,Wed Aug 01 18:45:13 +0000 2018,0.0,1.0,@BBCWorld,0.0,10
11,0.0,Wed Aug 01 18:29:39 +0000 2018,0.0,1.0,@BBCWorld,0.0,11
12,0.0,Wed Aug 01 18:22:05 +0000 2018,0.0,1.0,@BBCWorld,0.0,12
13,0.0,Wed Aug 01 18:17:26 +0000 2018,0.0,1.0,@BBCWorld,0.0,13
14,0.0,Wed Aug 01 17:31:12 +0000 2018,0.0,1.0,@BBCWorld,0.0,14
15,-0.296,Wed Aug 01 17:12:34 +0000 2018,0.239,0.761,@BBCWorld,0.0,15
16,-0.2263,Wed Aug 01 16:52:48 +0000 2018,0.192,0.808,@BBCWorld,0.0,16
17,0.4767,Wed Aug 01 16:36:25 +0000 2018,0.0,0.661,@BBCWorld,0.339,17
18,0.0,Wed Aug 01 16:19:17 +0000 2018,0.0,1.0,@BBCWorld,0.0,18
19,-0.296,Wed Aug 01 16:05:00 +0000 2018,0.216,0.784,@BBCWorld,0.0,19
20,0.0,Wed Aug 01 15:09:43 +0000 2018,0.0,1.0,@BBCWorld,0.0,20
21,-0.4767,Wed Aug 01 14:48:28 +0000 2018,0.279,0.721,@BBCWorld,0.0,21
22,0.4404,Wed Aug 01 14:35:31 +0000 2018,0.0,0.734,@BBCWorld,0.266,22
23,-0.4019,Wed Aug 01 14:12:05 +0000 2018,0.252,0.748,@BBCWorld,0.0,23
24,-0.3818,Wed Aug 01 13:37:54 +0000 2018,0.224,0.776,@BBCWorld,0.0,24
25,-0.7964,Wed Aug 01 13:27:17 +0000 2018,0.542,0.458,@BBCWorld,0.0,25
26,0.0,Wed Aug 01 13:08:41 +0000 2018,0.0,1.0,@BBCWorld,0.0,26
27,0.2023,Wed Aug 01 13:03:35 +0000 2018,0.179,0.566,@BBCWorld,0.255,27
28,0.34,Wed Aug 01 12:41:25 +0000 2018,0.0,0.769,@BBCWorld,0.231,28
29,0.0,Wed Aug 01 12:12:37 +0000 2018,0.0,1.0,@BBCWorld,0.0,29
30,-0.8481,Wed Aug 01 11:01:43 +0000 2018,0.387,0.613,@BBCWorld,0.0,30
31,0.5267,Wed Aug 01 10:59:06 +0000 2018,0.0,0.702,@BBCWorld,0.298,31
32,-0.1531,Wed Aug 01 10:57:05 +0000 2018,0.151,0.849,@BBCWorld,0.0,32
33,0.0,Wed Aug 01 10:30:23 +0000 2018,0.0,1.0,@BBCWorld,0.0,33
34,0.0,Wed Aug 01 10:28:03 +0000 2018,0.0,1.0,@BBCWorld,0.0,34
35,-0.6369,Wed Aug 01 10:04:12 +0000 2018,0.366,0.634,@BBCWorld,0.0,35
36,0.0,Wed Aug 01 09:50:19 +0000 2018,0.0,1.0,@BBCWorld,0.0,36
37,-0.4019,Wed Aug 01 09:17:13 +0000 2018,0.197,0.803,@BBCWorld,0.0,37
38,0.0,Wed Aug 01 09:15:06 +0000 2018,0.0,1.0,@BBCWorld,0.0,38
39,-0.1779,Wed Aug 01 08:35:10 +0000 2018,0.376,0.289,@BBCWorld,0.335,39
40,0.1511,Tue Jul 31 18:54:46 +0000 2018,0.0,0.933,@BBCWorld,0.067,40
41,-0.5994,Tue Jul 31 18:13:36 +0000 2018,0.328,0.672,@BBCWorld,0.0,41
42,0.0,Tue Jul 31 17:10:53 +0000 2018,0.0,1.0,@BBCWorld,0.0,42
43,-0.7845,Tue Jul 31 16:31:23 +0000 2018,0.441,0.559,@BBCWorld,0.0,43
44,0.0,Tue Jul 31 16:17:37 +0000 2018,0.0,1.0,@BBCWorld,0.0,44
45,0.0,Tue Jul 31 15:54:56 +0000 2018,0.0,1.0,@BBCWorld,0.0,45
46,-0.7096,Tue Jul 31 15:41:32 +0000 2018,0.289,0.711,@BBCWorld,0.0,46
47,0.0,Tue Jul 31 15:38:52 +0000 2018,0.0,1.0,@BBCWorld,0.0,47
48,0.0,Tue Jul 31 15:27:59 +0000 2018,0.0,1.0,@BBCWorld,0.0,48
49,-0.6597,Tue Jul 31 14:37:16 +0000 2018,0.403,0.597,@BBCWorld,0.0,49
50,0.4389,Tue Jul 31 14:35:40 +0000 2018,0.0,0.818,@BBCWorld,0.182,50
51,-0.34,Tue Jul 31 13:38:57 +0000 2018,0.231,0.769,@BBCWorld,0.0,51
52,-0.34,Tue Jul 31 13:26:28 +0000 2018,0.231,0.769,@BBCWorld,0.0,52
53,-0.5106,Tue Jul 31 13:06:21 +0000 2018,0.292,0.708,@BBCWorld,0.0,53
54,-0.25,Tue Jul 31 12:53:23 +0000 2018,0.182,0.818,@BBCWorld,0.0,54
55,0.1027,Tue Jul 31 12:46:06 +0000 2018,0.118,0.735,@BBCWorld,0.147,55
56,0.0772,Tue Jul 31 12:36:38 +0000 2018,0.0,0.822,@BBCWorld,0.178,56
57,-0.6486,Tue Jul 31 12:33:58 +0000 2018,0.441,0.42,@BBCWorld,0.14,57
58,-0.4404,Tue Jul 31 12:23:52 +0000 2018,0.326,0.674,@BBCWorld,0.0,58
59,-0.875,Tue Jul 31 12:08:32 +0000 2018,0.588,0.412,@BBCWorld,0.0,59
60,0.0,Mon Jul 30 13:14:49 +0000 2018,0.0,1.0,@BBCWorld,0.0,60
61,0.0,Mon Jul 30 13:04:41 +0000 2018,0.0,1.0,@BBCWorld,0.0,61
62,-0.8689,Mon Jul 30 12:51:00 +0000 2018,0.353,0.647,@BBCWorld,0.0,62
63,-0.6249,Mon Jul 30 12:33:10 +0000 2018,0.406,0.594,@BBCWorld,0.0,63
64,0.0,Mon Jul 30 12:30:29 +0000 2018,0.0,1.0,@BBCWorld,0.0,64
65,0.0,Mon Jul 30 12:20:25 +0000 2018,0.0,1.0,@BBCWorld,0.0,65
66,-0.7003,Mon Jul 30 11:54:29 +0000 2018,0.392,0.608,@BBCWorld,0.0,66
67,-0.5106,Mon Jul 30 11:36:47 +0000 2018,0.355,0.645,@BBCWorld,0.0,67
68,-0.6908,Mon Jul 30 11:28:53 +0000 2018,0.388,0.612,@BBCWorld,0.0,68
69,-0.7096,Mon Jul 30 11:18:20 +0000 2018,0.424,0.576,@BBCWorld,0.0,69
70,-0.9231,Mon Jul 30 10:14:32 +0000 2018,0.571,0.429,@BBCWorld,0.0,70
71,0.0,Mon Jul 30 09:10:44 +0000 2018,0.0,1.0,@BBCWorld,0.0,71
72,0.0,Mon Jul 30 09:08:04 +0000 2018,0.0,1.0,@BBCWorld,0.0,72
73,0.2732,Mon Jul 30 09:04:56 +0000 2018,0.0,0.769,@BBCWorld,0.231,73
74,-0.3182,Mon Jul 30 08:59:59 +0000 2018,0.141,0.859,@BBCWorld,0.0,74
75,-0.6486,Mon Jul 30 08:40:52 +0000 2018,0.323,0.677,@BBCWorld,0.0,75
76,-0.296,Mon Jul 30 07:20:46 +0000 2018,0.196,0.804,@BBCWorld,0.0,76
77,0.3818,Mon Jul 30 07:17:25 +0000 2018,0.0,0.867,@BBCWorld,0.133,77
78,-0.6808,Mon Jul 30 07:17:19 +0000 2018,0.217,0.735,@BBCWorld,0.048,78
79,0.0,Mon Jul 30 07:05:02 +0000 2018,0.0,1.0,@BBCWorld,0.0,79
80,-0.4019,Fri Jul 27 16:27:42 +0000 2018,0.252,0.748,@BBCWorld,0.0,80
81,0.1027,Fri Jul 27 16:19:45 +0000 2018,0.0,0.865,@BBCWorld,0.135,81
82,0.3818,Fri Jul 27 15:44:31 +0000 2018,0.0,0.776,@BBCWorld,0.224,82
83,0.0,Fri Jul 27 14:46:26 +0000 2018,0.0,1.0,@BBCWorld,0.0,83
84,0.0,Fri Jul 27 14:38:21 +0000 2018,0.0,1.0,@BBCWorld,0.0,84
85,0.0,Fri Jul 27 14:35:44 +0000 2018,0.0,1.0,@BBCWorld,0.0,85
86,-0.5574,Fri Jul 27 14:32:53 +0000 2018,0.419,0.581,@BBCWorld,0.0,86
87,0.7096,Fri Jul 27 14:27:40 +0000 2018,0.0,0.543,@BBCWorld,0.457,87
88,0.6369,Fri Jul 27 13:59:11 +0000 2018,0.086,0.656,@BBCWorld,0.258,88
89,0.765,Fri Jul 27 13:49:19 +0000 2018,0.0,0.708,@BBCWorld,0.292,89
90,0.6249,Fri Jul 27 13:48:15 +0000 2018,0.0,0.823,@BBCWorld,0.177,90
91,0.1779,Fri Jul 27 13:42:52 +0000 2018,0.0,0.779,@BBCWorld,0.221,91
92,0.3182,Fri Jul 27 13:25:39 +0000 2018,0.0,0.897,@BBCWorld,0.103,92
93,0.0,Fri Jul 27 13:18:35 +0000 2018,0.0,1.0,@BBCWorld,0.0,93
94,-0.4588,Fri Jul 27 13:16:28 +0000 2018,0.267,0.733,@BBCWorld,0.0,94
95,-0.6908,Fri Jul 27 12:34:23 +0000 2018,0.449,0.551,@BBCWorld,0.0,95
96,0.0,Fri Jul 27 12:21:26 +0000 2018,0.0,1.0,@BBCWorld,0.0,96
97,0.0,Fri Jul 27 12:18:31 +0000 2018,0.0,1.0,@BBCWorld,0.0,97
98,-0.802,Fri Jul 27 12:05:10 +0000 2018,0.545,0.455,@BBCWorld,0.0,98
99,0.296,Fri Jul 27 11:28:59 +0000 2018,0.0,0.761,@BBCWorld,0.239,99
100,-0.765,Thu Aug 02 00:25:15 +0000 2018,0.398,0.602,@CBSNews,0.0,0
101,0.3818,Thu Aug 02 00:04:41 +0000 2018,0.16,0.55,@CBSNews,0.29,1
102,-0.7506,Wed Aug 01 23:43:02 +0000 2018,0.314,0.686,@CBSNews,0.0,2
103,-0.1808,Wed Aug 01 23:38:54 +0000 2018,0.19,0.642,@CBSNews,0.168,3
104,0.4854,Wed Aug 01 23:34:21 +0000 2018,0.0,0.821,@CBSNews,0.179,4
105,-0.0516,Wed Aug 01 23:33:32 +0000 2018,0.103,0.802,@CBSNews,0.095,5
106,0.3716,Wed Aug 01 23:31:46 +0000 2018,0.154,0.671,@CBSNews,0.176,6
107,-0.7351,Wed Aug 01 23:28:41 +0000 2018,0.237,0.763,@CBSNews,0.0,7
108,-0.7964,Wed Aug 01 23:19:31 +0000 2018,0.372,0.628,@CBSNews,0.0,8
109,-0.4215,Wed Aug 01 23:03:34 +0000 2018,0.128,0.872,@CBSNews,0.0,9
110,-0.6705,Wed Aug 01 22:59:55 +0000 2018,0.17,0.83,@CBSNews,0.0,10
111,-0.296,Wed Aug 01 22:56:20 +0000 2018,0.167,0.714,@CBSNews,0.119,11
112,-0.8718,Wed Aug 01 22:50:52 +0000 2018,0.368,0.632,@CBSNews,0.0,12
113,0.0,Wed Aug 01 22:47:27 +0000 2018,0.0,1.0,@CBSNews,0.0,13
114,-0.7845,Wed Aug 01 22:43:16 +0000 2018,0.289,0.711,@CBSNews,0.0,14
115,0.3818,Wed Aug 01 22:40:59 +0000 2018,0.0,0.88,@CBSNews,0.12,15
116,-0.1531,Wed Aug 01 22:19:34 +0000 2018,0.086,0.914,@CBSNews,0.0,16
117,-0.25,Wed Aug 01 22:01:16 +0000 2018,0.095,0.905,@CBSNews,0.0,17
118,-0.5267,Wed Aug 01 21:45:00 +0000 2018,0.185,0.815,@CBSNews,0.0,18
119,-0.2263,Wed Aug 01 21:30:32 +0000 2018,0.101,0.899,@CBSNews,0.0,19
120,-0.2263,Wed Aug 01 21:14:31 +0000 2018,0.106,0.894,@CBSNews,0.0,20
121,0.2732,Wed Aug 01 21:01:22 +0000 2018,0.133,0.667,@CBSNews,0.2,21
122,-0.7845,Wed Aug 01 20:40:39 +0000 2018,0.385,0.615,@CBSNews,0.0,22
123,-0.7269,Wed Aug 01 20:38:10 +0000 2018,0.253,0.747,@CBSNews,0.0,23
124,-0.8126,Wed Aug 01 20:34:35 +0000 2018,0.402,0.598,@CBSNews,0.0,24
125,-0.5423,Wed Aug 01 20:20:00 +0000 2018,0.196,0.741,@CBSNews,0.063,25
126,-0.6705,Wed Aug 01 20:04:49 +0000 2018,0.297,0.703,@CBSNews,0.0,26
127,0.0,Wed Aug 01 19:49:42 +0000 2018,0.0,1.0,@CBSNews,0.0,27
128,-0.6486,Wed Aug 01 19:35:00 +0000 2018,0.249,0.751,@CBSNews,0.0,28
129,0.0,Wed Aug 01 19:20:59 +0000 2018,0.0,1.0,@CBSNews,0.0,29
130,0.4019,Wed Aug 01 19:13:23 +0000 2018,0.0,0.863,@CBSNews,0.137,30
131,-0.7184,Wed Aug 01 19:00:50 +0000 2018,0.273,0.727,@CBSNews,0.0,31
132,0.128,Wed Aug 01 18:49:23 +0000 2018,0.0,0.923,@CBSNews,0.077,32
133,0.0,Wed Aug 01 18:44:31 +0000 2018,0.0,1.0,@CBSNews,0.0,33
134,0.34,Wed Aug 01 18:31:01 +0000 2018,0.0,0.882,@CBSNews,0.118,34
135,-0.8555,Wed Aug 01 18:16:14 +0000 2018,0.307,0.693,@CBSNews,0.0,35
136,0.6377,Wed Aug 01 18:08:09 +0000 2018,0.0,0.755,@CBSNews,0.245,36
137,0.0,Wed Aug 01 18:04:09 +0000 2018,0.0,1.0,@CBSNews,0.0,37
138,0.0,Wed Aug 01 18:02:08 +0000 2018,0.0,1.0,@CBSNews,0.0,38
139,0.0,Wed Aug 01 18:01:00 +0000 2018,0.0,1.0,@CBSNews,0.0,39
140,-0.296,Wed Aug 01 14:04:44 +0000 2018,0.136,0.864,@CBSNews,0.0,40
141,-0.5994,Wed Aug 01 13:49:31 +0000 2018,0.272,0.604,@CBSNews,0.125,41
142,0.6652,Wed Aug 01 13:35:20 +0000 2018,0.0,0.81,@CBSNews,0.19,42
143,0.8668,Wed Aug 01 13:20:27 +0000 2018,0.0,0.636,@CBSNews,0.364,43
144,0.2023,Wed Aug 01 12:59:39 +0000 2018,0.0,0.917,@CBSNews,0.083,44
145,-0.0772,Wed Aug 01 12:39:43 +0000 2018,0.231,0.559,@CBSNews,0.21,45
146,0.0,Wed Aug 01 12:19:38 +0000 2018,0.0,1.0,@CBSNews,0.0,46
147,0.0772,Wed Aug 01 12:09:53 +0000 2018,0.109,0.769,@CBSNews,0.122,47
148,0.0,Wed Aug 01 12:09:30 +0000 2018,0.0,1.0,@CBSNews,0.0,48
149,0.1779,Wed Aug 01 12:09:25 +0000 2018,0.104,0.763,@CBSNews,0.133,49
150,-0.6711,Wed Aug 01 12:09:21 +0000 2018,0.235,0.706,@CBSNews,0.059,50
151,0.6124,Wed Aug 01 12:02:43 +0000 2018,0.0,0.8,@CBSNews,0.2,51
152,0.0,Wed Aug 01 12:00:23 +0000 2018,0.0,1.0,@CBSNews,0.0,52
153,0.6908,Wed Aug 01 11:53:56 +0000 2018,0.0,0.769,@CBSNews,0.231,53
154,-0.6124,Wed Aug 01 11:47:40 +0000 2018,0.238,0.762,@CBSNews,0.0,54
155,0.0772,Wed Aug 01 11:40:12 +0000 2018,0.0,0.942,@CBSNews,0.058,55
156,0.0,Wed Aug 01 11:19:47 +0000 2018,0.0,1.0,@CBSNews,0.0,56
157,-0.2732,Wed Aug 01 10:59:33 +0000 2018,0.185,0.701,@CBSNews,0.115,57
158,0.0,Wed Aug 01 10:45:25 +0000 2018,0.0,1.0,@CBSNews,0.0,58
159,-0.5994,Wed Aug 01 10:39:55 +0000 2018,0.262,0.738,@CBSNews,0.0,59
160,-0.5994,Wed Aug 01 02:20:01 +0000 2018,0.245,0.755,@CBSNews,0.0,60
161,-0.4404,Wed Aug 01 01:39:41 +0000 2018,0.127,0.873,@CBSNews,0.0,61
162,0.0772,Wed Aug 01 01:17:20 +0000 2018,0.0,0.942,@CBSNews,0.058,62
163,-0.3182,Wed Aug 01 01:09:53 +0000 2018,0.176,0.727,@CBSNews,0.097,63
164,0.2023,Wed Aug 01 00:51:10 +0000 2018,0.0,0.913,@CBSNews,0.087,64
165,0.0,Wed Aug 01 00:39:50 +0000 2018,0.0,1.0,@CBSNews,0.0,65
166,0.0,Wed Aug 01 00:19:39 +0000 2018,0.0,1.0,@CBSNews,0.0,66
167,0.0516,Wed Aug 01 00:00:00 +0000 2018,0.101,0.787,@CBSNews,0.112,67
168,0.6124,Tue Jul 31 23:39:37 +0000 2018,0.122,0.523,@CBSNews,0.355,68
169,-0.743,Tue Jul 31 23:30:32 +0000 2018,0.223,0.777,@CBSNews,0.0,69
170,-0.296,Tue Jul 31 23:21:31 +0000 2018,0.115,0.885,@CBSNews,0.0,70
171,0.0,Tue Jul 31 23:14:02 +0000 2018,0.0,1.0,@CBSNews,0.0,71
172,0.0,Tue Jul 31 23:11:49 +0000 2018,0.0,1.0,@CBSNews,0.0,72
173,0.0,Tue Jul 31 23:08:10 +0000 2018,0.0,1.0,@CBSNews,0.0,73
174,0.5559,Tue Jul 31 23:05:43 +0000 2018,0.0,0.805,@CBSNews,0.195,74
175,-0.5574,Tue Jul 31 23:02:53 +0000 2018,0.13,0.87,@CBSNews,0.0,75
176,0.2263,Tue Jul 31 22:58:13 +0000 2018,0.0,0.909,@CBSNews,0.091,76
177,0.0,Tue Jul 31 22:49:56 +0000 2018,0.0,1.0,@CBSNews,0.0,77
178,-0.34,Tue Jul 31 22:46:44 +0000 2018,0.103,0.897,@CBSNews,0.0,78
179,0.0,Tue Jul 31 22:41:48 +0000 2018,0.0,1.0,@CBSNews,0.0,79
180,0.0,Tue Jul 31 10:31:39 +0000 2018,0.0,1.0,@CBSNews,0.0,80
181,0.0,Tue Jul 31 10:19:55 +0000 2018,0.0,1.0,@CBSNews,0.0,81
182,0.0,Tue Jul 31 10:10:20 +0000 2018,0.0,1.0,@CBSNews,0.0,82
183,-0.4939,Tue Jul 31 10:03:05 +0000 2018,0.296,0.704,@CBSNews,0.0,83
184,-0.5046,Tue Jul 31 10:02:53 +0000 2018,0.246,0.754,@CBSNews,0.0,84
185,0.0,Tue Jul 31 09:53:31 +0000 2018,0.0,1.0,@CBSNews,0.0,85
186,0.4019,Tue Jul 31 09:48:03 +0000 2018,0.0,0.847,@CBSNews,0.153,86
187,0.802,Tue Jul 31 09:45:28 +0000 2018,0.0,0.625,@CBSNews,0.375,87
188,-0.34,Tue Jul 31 09:38:05 +0000 2018,0.179,0.821,@CBSNews,0.0,88
189,-0.6124,Tue Jul 31 09:32:05 +0000 2018,0.333,0.667,@CBSNews,0.0,89
190,0.6705,Tue Jul 31 09:18:04 +0000 2018,0.0,0.621,@CBSNews,0.379,90
191,0.0,Tue Jul 31 09:03:04 +0000 2018,0.0,1.0,@CBSNews,0.0,91
192,0.0,Tue Jul 31 08:54:07 +0000 2018,0.0,1.0,@CBSNews,0.0,92
193,0.0,Tue Jul 31 08:48:03 +0000 2018,0.0,1.0,@CBSNews,0.0,93
194,0.0,Tue Jul 31 08:33:03 +0000 2018,0.0,1.0,@CBSNews,0.0,94
195,-0.3182,Tue Jul 31 08:18:03 +0000 2018,0.173,0.827,@CBSNews,0.0,95
196,-0.6486,Tue Jul 31 08:03:05 +0000 2018,0.301,0.699,@CBSNews,0.0,96
197,0.7269,Tue Jul 31 07:48:04 +0000 2018,0.0,0.567,@CBSNews,0.433,97
198,-0.7269,Tue Jul 31 07:33:03 +0000 2018,0.357,0.643,@CBSNews,0.0,98
199,0.0,Tue Jul 31 07:18:04 +0000 2018,0.0,1.0,@CBSNews,0.0,99
200,-0.4588,Thu Aug 02 00:41:52 +0000 2018,0.125,0.875,@CNN,0.0,0
201,0.4767,Thu Aug 02 00:41:07 +0000 2018,0.0,0.846,@CNN,0.154,1
202,0.0,Thu Aug 02 00:40:42 +0000 2018,0.0,1.0,@CNN,0.0,2
203,-0.1779,Thu Aug 02 00:35:00 +0000 2018,0.099,0.83,@CNN,0.071,3
204,0.0,Thu Aug 02 00:34:54 +0000 2018,0.0,1.0,@CNN,0.0,4
205,0.4019,Thu Aug 02 00:09:54 +0000 2018,0.0,0.886,@CNN,0.114,5
206,0.5423,Thu Aug 02 00:05:00 +0000 2018,0.0,0.791,@CNN,0.209,6
207,0.0,Thu Aug 02 00:02:40 +0000 2018,0.0,1.0,@CNN,0.0,7
208,0.296,Wed Aug 01 23:58:41 +0000 2018,0.0,0.896,@CNN,0.104,8
209,0.2263,Wed Aug 01 23:45:05 +0000 2018,0.0,0.905,@CNN,0.095,9
210,0.0,Wed Aug 01 23:43:35 +0000 2018,0.0,1.0,@CNN,0.0,10
211,0.4019,Wed Aug 01 23:19:10 +0000 2018,0.0,0.863,@CNN,0.137,11
212,0.3612,Wed Aug 01 23:16:08 +0000 2018,0.0,0.878,@CNN,0.122,12
213,-0.6908,Wed Aug 01 23:14:53 +0000 2018,0.206,0.794,@CNN,0.0,13
214,-0.8074,Wed Aug 01 23:13:15 +0000 2018,0.283,0.717,@CNN,0.0,14
215,0.1321,Wed Aug 01 22:51:04 +0000 2018,0.17,0.68,@CNN,0.15,15
216,-0.5859,Wed Aug 01 22:41:08 +0000 2018,0.22,0.78,@CNN,0.0,16
217,0.128,Wed Aug 01 22:29:15 +0000 2018,0.0,0.909,@CNN,0.091,17
218,0.296,Wed Aug 01 22:28:51 +0000 2018,0.0,0.864,@CNN,0.136,18
219,-0.296,Wed Aug 01 22:28:15 +0000 2018,0.087,0.913,@CNN,0.0,19
220,0.0,Wed Aug 01 22:27:43 +0000 2018,0.0,1.0,@CNN,0.0,20
221,0.0,Wed Aug 01 22:21:07 +0000 2018,0.0,1.0,@CNN,0.0,21
222,0.0,Wed Aug 01 22:11:06 +0000 2018,0.0,1.0,@CNN,0.0,22
223,0.0,Wed Aug 01 22:06:19 +0000 2018,0.0,1.0,@CNN,0.0,23
224,0.0,Wed Aug 01 22:01:12 +0000 2018,0.0,1.0,@CNN,0.0,24
225,0.0,Wed Aug 01 21:51:09 +0000 2018,0.0,1.0,@CNN,0.0,25
226,-0.296,Wed Aug 01 21:43:17 +0000 2018,0.104,0.896,@CNN,0.0,26
227,0.0,Wed Aug 01 21:41:04 +0000 2018,0.0,1.0,@CNN,0.0,27
228,0.5267,Wed Aug 01 21:29:45 +0000 2018,0.0,0.815,@CNN,0.185,28
229,-0.7906,Wed Aug 01 21:23:37 +0000 2018,0.325,0.594,@CNN,0.08,29
230,0.7096,Wed Aug 01 21:10:09 +0000 2018,0.0,0.731,@CNN,0.269,30
231,0.2023,Wed Aug 01 21:08:09 +0000 2018,0.0,0.904,@CNN,0.096,31
232,-0.5574,Wed Aug 01 21:04:31 +0000 2018,0.187,0.813,@CNN,0.0,32
233,-0.4215,Wed Aug 01 21:00:08 +0000 2018,0.167,0.833,@CNN,0.0,33
234,0.0,Wed Aug 01 20:48:38 +0000 2018,0.0,1.0,@CNN,0.0,34
235,-0.4404,Wed Aug 01 20:44:35 +0000 2018,0.116,0.884,@CNN,0.0,35
236,0.4577,Wed Aug 01 20:40:09 +0000 2018,0.116,0.625,@CNN,0.26,36
237,0.0,Wed Aug 01 20:25:00 +0000 2018,0.0,1.0,@CNN,0.0,37
238,0.0,Wed Aug 01 20:20:08 +0000 2018,0.0,1.0,@CNN,0.0,38
239,0.7096,Wed Aug 01 20:15:51 +0000 2018,0.0,0.809,@CNN,0.191,39
240,0.0,Wed Aug 01 18:10:06 +0000 2018,0.0,1.0,@CNN,0.0,40
241,0.4019,Wed Aug 01 18:04:17 +0000 2018,0.105,0.675,@CNN,0.219,41
242,0.5423,Wed Aug 01 18:00:01 +0000 2018,0.0,0.791,@CNN,0.209,42
243,0.0,Wed Aug 01 17:50:00 +0000 2018,0.0,1.0,@CNN,0.0,43
244,0.0,Wed Aug 01 17:44:56 +0000 2018,0.0,1.0,@CNN,0.0,44
245,0.0,Wed Aug 01 17:40:00 +0000 2018,0.0,1.0,@CNN,0.0,45
246,0.0,Wed Aug 01 17:34:02 +0000 2018,0.0,1.0,@CNN,0.0,46
247,0.0,Wed Aug 01 17:32:55 +0000 2018,0.0,1.0,@CNN,0.0,47
248,-0.7003,Wed Aug 01 17:30:08 +0000 2018,0.309,0.691,@CNN,0.0,48
249,-0.3182,Wed Aug 01 17:20:44 +0000 2018,0.119,0.881,@CNN,0.0,49
250,0.0,Wed Aug 01 17:10:06 +0000 2018,0.0,1.0,@CNN,0.0,50
251,0.4939,Wed Aug 01 17:05:01 +0000 2018,0.0,0.849,@CNN,0.151,51
252,0.0,Wed Aug 01 17:00:18 +0000 2018,0.0,1.0,@CNN,0.0,52
253,-0.25,Wed Aug 01 16:50:01 +0000 2018,0.091,0.909,@CNN,0.0,53
254,0.0,Wed Aug 01 16:44:03 +0000 2018,0.0,1.0,@CNN,0.0,54
255,0.6249,Wed Aug 01 16:42:05 +0000 2018,0.0,0.837,@CNN,0.163,55
256,0.0,Wed Aug 01 16:30:06 +0000 2018,0.0,1.0,@CNN,0.0,56
257,0.0,Wed Aug 01 16:20:12 +0000 2018,0.0,1.0,@CNN,0.0,57
258,0.0,Wed Aug 01 16:10:07 +0000 2018,0.0,1.0,@CNN,0.0,58
259,0.0,Wed Aug 01 16:00:09 +0000 2018,0.0,1.0,@CNN,0.0,59
260,0.0,Wed Aug 01 08:47:07 +0000 2018,0.0,1.0,@CNN,0.0,60
261,0.4019,Wed Aug 01 08:28:04 +0000 2018,0.0,0.886,@CNN,0.114,61
262,-0.5106,Wed Aug 01 08:21:06 +0000 2018,0.155,0.845,@CNN,0.0,62
263,0.6369,Wed Aug 01 08:14:05 +0000 2018,0.0,0.792,@CNN,0.208,63
264,0.0,Wed Aug 01 08:07:04 +0000 2018,0.0,1.0,@CNN,0.0,64
265,0.0,Wed Aug 01 07:59:05 +0000 2018,0.0,1.0,@CNN,0.0,65
266,-0.2732,Wed Aug 01 07:52:07 +0000 2018,0.091,0.909,@CNN,0.0,66
267,0.0,Wed Aug 01 07:45:06 +0000 2018,0.0,1.0,@CNN,0.0,67
268,0.0,Wed Aug 01 07:38:06 +0000 2018,0.0,1.0,@CNN,0.0,68
269,0.0258,Wed Aug 01 07:31:04 +0000 2018,0.0,0.936,@CNN,0.064,69
270,0.0,Wed Aug 01 07:24:02 +0000 2018,0.0,1.0,@CNN,0.0,70
271,0.0,Wed Aug 01 07:17:06 +0000 2018,0.0,1.0,@CNN,0.0,71
272,0.872,Wed Aug 01 07:14:31 +0000 2018,0.0,0.68,@CNN,0.32,72
273,0.0,Wed Aug 01 07:10:04 +0000 2018,0.0,1.0,@CNN,0.0,73
274,0.5267,Wed Aug 01 07:03:02 +0000 2018,0.0,0.764,@CNN,0.236,74
275,0.4019,Wed Aug 01 06:54:09 +0000 2018,0.0,0.886,@CNN,0.114,75
276,-0.8555,Wed Aug 01 06:50:58 +0000 2018,0.307,0.693,@CNN,0.0,76
277,0.4215,Wed Aug 01 06:47:09 +0000 2018,0.074,0.781,@CNN,0.145,77
278,-0.6486,Wed Aug 01 06:40:04 +0000 2018,0.209,0.791,@CNN,0.0,78
279,-0.5574,Wed Aug 01 06:33:03 +0000 2018,0.235,0.765,@CNN,0.0,79
280,0.0,Wed Aug 01 01:14:38 +0000 2018,0.0,1.0,@CNN,0.0,80
281,-0.4939,Wed Aug 01 01:04:57 +0000 2018,0.127,0.873,@CNN,0.0,81
282,0.0,Wed Aug 01 01:03:41 +0000 2018,0.0,1.0,@CNN,0.0,82
283,0.0,Wed Aug 01 00:53:55 +0000 2018,0.0,1.0,@CNN,0.0,83
284,0.0,Wed Aug 01 00:53:28 +0000 2018,0.0,1.0,@CNN,0.0,84
285,0.4404,Wed Aug 01 00:41:03 +0000 2018,0.0,0.854,@CNN,0.146,85
286,0.0,Wed Aug 01 00:22:50 +0000 2018,0.0,1.0,@CNN,0.0,86
287,0.0,Tue Jul 31 23:57:35 +0000 2018,0.0,1.0,@CNN,0.0,87
288,0.0,Tue Jul 31 23:43:07 +0000 2018,0.0,1.0,@CNN,0.0,88
289,0.2716,Tue Jul 31 23:37:40 +0000 2018,0.0,0.913,@CNN,0.087,89
290,-0.3818,Tue Jul 31 23:35:18 +0000 2018,0.148,0.852,@CNN,0.0,90
291,0.5267,Tue Jul 31 23:31:06 +0000 2018,0.0,0.764,@CNN,0.236,91
292,0.6249,Tue Jul 31 23:14:01 +0000 2018,0.0,0.785,@CNN,0.215,92
293,0.4019,Tue Jul 31 23:11:05 +0000 2018,0.0,0.886,@CNN,0.114,93
294,0.0,Tue Jul 31 23:01:05 +0000 2018,0.0,1.0,@CNN,0.0,94
295,0.4215,Tue Jul 31 22:52:16 +0000 2018,0.074,0.781,@CNN,0.145,95
296,0.0,Tue Jul 31 22:49:22 +0000 2018,0.0,1.0,@CNN,0.0,96
297,-0.3612,Tue Jul 31 22:48:26 +0000 2018,0.111,0.889,@CNN,0.0,97
298,-0.6486,Tue Jul 31 22:45:14 +0000 2018,0.209,0.791,@CNN,0.0,98
299,0.5574,Tue Jul 31 22:42:19 +0000 2018,0.0,0.783,@CNN,0.217,99
300,-0.4767,Thu Aug 02 00:35:33 +0000 2018,0.193,0.807,@FoxNews,0.0,0
301,0.0,Thu Aug 02 00:28:15 +0000 2018,0.0,1.0,@FoxNews,0.0,1
302,0.0,Thu Aug 02 00:19:56 +0000 2018,0.0,1.0,@FoxNews,0.0,2
303,-0.7506,Thu Aug 02 00:13:23 +0000 2018,0.315,0.577,@FoxNews,0.108,3
304,-0.4767,Wed Aug 01 23:59:00 +0000 2018,0.193,0.807,@FoxNews,0.0,4
305,-0.8779,Wed Aug 01 23:53:35 +0000 2018,0.373,0.627,@FoxNews,0.0,5
306,0.0,Wed Aug 01 23:46:49 +0000 2018,0.0,1.0,@FoxNews,0.0,6
307,0.5423,Wed Aug 01 23:38:24 +0000 2018,0.0,0.829,@FoxNews,0.171,7
308,-0.1808,Wed Aug 01 23:38:19 +0000 2018,0.241,0.545,@FoxNews,0.214,8
309,0.2023,Wed Aug 01 23:29:22 +0000 2018,0.11,0.746,@FoxNews,0.145,9
310,0.3716,Wed Aug 01 23:26:50 +0000 2018,0.148,0.683,@FoxNews,0.169,10
311,0.4939,Wed Aug 01 23:25:57 +0000 2018,0.0,0.789,@FoxNews,0.211,11
312,0.5423,Wed Aug 01 23:20:15 +0000 2018,0.0,0.829,@FoxNews,0.171,12
313,-0.3612,Wed Aug 01 23:13:00 +0000 2018,0.172,0.828,@FoxNews,0.0,13
314,0.5423,Wed Aug 01 23:11:21 +0000 2018,0.0,0.829,@FoxNews,0.171,14
315,-0.5994,Wed Aug 01 23:08:04 +0000 2018,0.274,0.726,@FoxNews,0.0,15
316,-0.4019,Wed Aug 01 22:57:37 +0000 2018,0.124,0.876,@FoxNews,0.0,16
317,-0.2396,Wed Aug 01 22:48:12 +0000 2018,0.115,0.816,@FoxNews,0.069,17
318,-0.8402,Wed Aug 01 22:39:18 +0000 2018,0.429,0.571,@FoxNews,0.0,18
319,-0.34,Wed Aug 01 22:35:41 +0000 2018,0.179,0.821,@FoxNews,0.0,19
320,0.0,Wed Aug 01 22:33:30 +0000 2018,0.0,1.0,@FoxNews,0.0,20
321,0.0,Wed Aug 01 22:28:05 +0000 2018,0.0,1.0,@FoxNews,0.0,21
322,-0.296,Wed Aug 01 22:25:07 +0000 2018,0.155,0.845,@FoxNews,0.0,22
323,0.0,Wed Aug 01 22:14:20 +0000 2018,0.0,1.0,@FoxNews,0.0,23
324,-0.3612,Wed Aug 01 22:12:18 +0000 2018,0.2,0.8,@FoxNews,0.0,24
325,0.25,Wed Aug 01 21:56:54 +0000 2018,0.064,0.826,@FoxNews,0.11,25
326,-0.4019,Wed Aug 01 21:51:04 +0000 2018,0.172,0.828,@FoxNews,0.0,26
327,-0.34,Wed Aug 01 21:42:00 +0000 2018,0.156,0.844,@FoxNews,0.0,27
328,-0.25,Wed Aug 01 21:36:00 +0000 2018,0.227,0.625,@FoxNews,0.148,28
329,0.128,Wed Aug 01 21:28:46 +0000 2018,0.0,0.897,@FoxNews,0.103,29
330,0.4019,Wed Aug 01 21:20:40 +0000 2018,0.0,0.856,@FoxNews,0.144,30
331,0.0,Wed Aug 01 21:16:00 +0000 2018,0.0,1.0,@FoxNews,0.0,31
332,0.296,Wed Aug 01 21:10:56 +0000 2018,0.138,0.667,@FoxNews,0.195,32
333,0.0,Wed Aug 01 21:04:09 +0000 2018,0.0,1.0,@FoxNews,0.0,33
334,0.0,Wed Aug 01 21:01:35 +0000 2018,0.0,1.0,@FoxNews,0.0,34
335,0.2577,Wed Aug 01 20:55:52 +0000 2018,0.155,0.574,@FoxNews,0.271,35
336,-0.4939,Wed Aug 01 20:47:50 +0000 2018,0.186,0.814,@FoxNews,0.0,36
337,-0.3071,Wed Aug 01 20:43:19 +0000 2018,0.138,0.771,@FoxNews,0.092,37
338,0.8074,Wed Aug 01 20:33:49 +0000 2018,0.0,0.49,@FoxNews,0.51,38
339,-0.34,Wed Aug 01 20:24:57 +0000 2018,0.146,0.854,@FoxNews,0.0,39
340,0.0,Wed Aug 01 18:18:00 +0000 2018,0.0,1.0,@FoxNews,0.0,40
341,0.0,Wed Aug 01 18:02:14 +0000 2018,0.0,1.0,@FoxNews,0.0,41
342,-0.2023,Wed Aug 01 17:54:14 +0000 2018,0.138,0.759,@FoxNews,0.103,42
343,0.6369,Wed Aug 01 17:50:54 +0000 2018,0.0,0.743,@FoxNews,0.257,43
344,0.5994,Wed Aug 01 17:48:09 +0000 2018,0.0,0.766,@FoxNews,0.234,44
345,0.4981,Wed Aug 01 17:32:41 +0000 2018,0.0,0.832,@FoxNews,0.168,45
346,0.0,Wed Aug 01 17:32:36 +0000 2018,0.0,1.0,@FoxNews,0.0,46
347,0.4404,Wed Aug 01 17:31:36 +0000 2018,0.0,0.692,@FoxNews,0.308,47
348,0.0,Wed Aug 01 17:29:00 +0000 2018,0.0,1.0,@FoxNews,0.0,48
349,0.6597,Wed Aug 01 17:28:19 +0000 2018,0.0,0.722,@FoxNews,0.278,49
350,0.0,Wed Aug 01 17:27:26 +0000 2018,0.0,1.0,@FoxNews,0.0,50
351,0.4576,Wed Aug 01 17:26:41 +0000 2018,0.0,0.857,@FoxNews,0.143,51
352,0.7579,Wed Aug 01 17:24:59 +0000 2018,0.0,0.683,@FoxNews,0.317,52
353,-0.2023,Wed Aug 01 17:24:21 +0000 2018,0.158,0.721,@FoxNews,0.122,53
354,0.2895,Wed Aug 01 17:15:16 +0000 2018,0.0,0.887,@FoxNews,0.113,54
355,-0.34,Wed Aug 01 17:13:32 +0000 2018,0.107,0.893,@FoxNews,0.0,55
356,0.0,Wed Aug 01 17:08:17 +0000 2018,0.0,1.0,@FoxNews,0.0,56
357,0.4981,Wed Aug 01 16:57:04 +0000 2018,0.0,0.832,@FoxNews,0.168,57
358,0.802,Wed Aug 01 16:48:37 +0000 2018,0.132,0.364,@FoxNews,0.505,58
359,0.0,Wed Aug 01 16:41:08 +0000 2018,0.0,1.0,@FoxNews,0.0,59
360,-0.5994,Wed Aug 01 11:14:39 +0000 2018,0.234,0.766,@FoxNews,0.0,60
361,0.0,Wed Aug 01 10:59:36 +0000 2018,0.0,1.0,@FoxNews,0.0,61
362,0.3862,Wed Aug 01 10:29:51 +0000 2018,0.0,0.873,@FoxNews,0.127,62
363,0.0,Wed Aug 01 10:21:01 +0000 2018,0.0,1.0,@FoxNews,0.0,63
364,-0.6705,Wed Aug 01 10:13:46 +0000 2018,0.2,0.8,@FoxNews,0.0,64
365,0.0,Wed Aug 01 10:10:44 +0000 2018,0.0,1.0,@FoxNews,0.0,65
366,0.0,Wed Aug 01 09:41:38 +0000 2018,0.0,1.0,@FoxNews,0.0,66
367,-0.8555,Wed Aug 01 09:38:30 +0000 2018,0.296,0.704,@FoxNews,0.0,67
368,0.0,Wed Aug 01 09:33:13 +0000 2018,0.0,1.0,@FoxNews,0.0,68
369,0.0,Wed Aug 01 09:27:29 +0000 2018,0.0,1.0,@FoxNews,0.0,69
370,-0.8555,Wed Aug 01 09:20:28 +0000 2018,0.296,0.704,@FoxNews,0.0,70
371,0.0,Wed Aug 01 09:17:47 +0000 2018,0.0,1.0,@FoxNews,0.0,71
372,-0.5574,Wed Aug 01 09:15:00 +0000 2018,0.175,0.825,@FoxNews,0.0,72
373,0.5719,Wed Aug 01 09:07:00 +0000 2018,0.0,0.684,@FoxNews,0.316,73
374,0.0,Wed Aug 01 09:00:00 +0000 2018,0.0,1.0,@FoxNews,0.0,74
375,-0.4767,Wed Aug 01 08:53:00 +0000 2018,0.181,0.819,@FoxNews,0.0,75
376,-0.4939,Wed Aug 01 08:45:00 +0000 2018,0.151,0.849,@FoxNews,0.0,76
377,-0.1779,Wed Aug 01 08:38:00 +0000 2018,0.197,0.669,@FoxNews,0.134,77
378,0.0,Wed Aug 01 08:30:00 +0000 2018,0.0,1.0,@FoxNews,0.0,78
379,-0.7845,Wed Aug 01 08:23:00 +0000 2018,0.434,0.566,@FoxNews,0.0,79
380,0.0516,Wed Aug 01 00:42:01 +0000 2018,0.118,0.753,@FoxNews,0.129,80
381,-0.5106,Wed Aug 01 00:40:38 +0000 2018,0.187,0.739,@FoxNews,0.074,81
382,0.0,Wed Aug 01 00:34:53 +0000 2018,0.0,1.0,@FoxNews,0.0,82
383,0.5423,Wed Aug 01 00:29:47 +0000 2018,0.0,0.8,@FoxNews,0.2,83
384,0.4588,Wed Aug 01 00:27:49 +0000 2018,0.058,0.796,@FoxNews,0.146,84
385,-0.3612,Wed Aug 01 00:21:53 +0000 2018,0.135,0.865,@FoxNews,0.0,85
386,0.2724,Wed Aug 01 00:18:54 +0000 2018,0.0,0.913,@FoxNews,0.087,86
387,0.34,Wed Aug 01 00:13:30 +0000 2018,0.0,0.854,@FoxNews,0.146,87
388,0.4215,Wed Aug 01 00:07:39 +0000 2018,0.0,0.823,@FoxNews,0.177,88
389,0.2716,Wed Aug 01 00:03:06 +0000 2018,0.0,0.878,@FoxNews,0.122,89
390,0.0,Wed Aug 01 00:01:48 +0000 2018,0.0,1.0,@FoxNews,0.0,90
391,0.0,Tue Jul 31 23:57:23 +0000 2018,0.0,1.0,@FoxNews,0.0,91
392,0.6908,Tue Jul 31 23:56:22 +0000 2018,0.0,0.787,@FoxNews,0.213,92
393,0.0,Tue Jul 31 23:53:04 +0000 2018,0.0,1.0,@FoxNews,0.0,93
394,0.6705,Tue Jul 31 23:47:41 +0000 2018,0.0,0.744,@FoxNews,0.256,94
395,0.4767,Tue Jul 31 23:45:37 +0000 2018,0.0,0.659,@FoxNews,0.341,95
396,0.7351,Tue Jul 31 23:40:59 +0000 2018,0.0,0.617,@FoxNews,0.383,96
397,0.3612,Tue Jul 31 23:37:48 +0000 2018,0.0,0.872,@FoxNews,0.128,97
398,0.0772,Tue Jul 31 23:34:26 +0000 2018,0.0,0.942,@FoxNews,0.058,98
399,0.8074,Tue Jul 31 23:31:30 +0000 2018,0.0,0.49,@FoxNews,0.51,99
400,0.7096,Thu Aug 02 00:32:02 +0000 2018,0.0,0.688,@nytimes,0.312,0
401,0.0,Thu Aug 02 00:17:03 +0000 2018,0.122,0.756,@nytimes,0.122,1
402,0.4404,Thu Aug 02 00:02:02 +0000 2018,0.0,0.884,@nytimes,0.116,2
403,0.4939,Wed Aug 01 23:47:03 +0000 2018,0.0,0.842,@nytimes,0.158,3
404,0.0,Wed Aug 01 23:32:04 +0000 2018,0.0,1.0,@nytimes,0.0,4
405,0.4019,Wed Aug 01 23:17:03 +0000 2018,0.0,0.881,@nytimes,0.119,5
406,-0.0516,Wed Aug 01 23:02:08 +0000 2018,0.066,0.934,@nytimes,0.0,6
407,-0.1655,Wed Aug 01 22:50:48 +0000 2018,0.088,0.912,@nytimes,0.0,7
408,0.0,Wed Aug 01 22:47:06 +0000 2018,0.0,1.0,@nytimes,0.0,8
409,-0.3612,Wed Aug 01 22:32:11 +0000 2018,0.143,0.857,@nytimes,0.0,9
410,-0.5859,Wed Aug 01 22:17:16 +0000 2018,0.153,0.847,@nytimes,0.0,10
411,0.4767,Wed Aug 01 22:02:06 +0000 2018,0.0,0.86,@nytimes,0.14,11
412,-0.34,Wed Aug 01 21:47:07 +0000 2018,0.098,0.902,@nytimes,0.0,12
413,0.0,Wed Aug 01 21:32:06 +0000 2018,0.0,1.0,@nytimes,0.0,13
414,0.0,Wed Aug 01 21:17:19 +0000 2018,0.0,1.0,@nytimes,0.0,14
415,0.0,Wed Aug 01 21:01:05 +0000 2018,0.0,1.0,@nytimes,0.0,15
416,0.4019,Wed Aug 01 20:45:05 +0000 2018,0.0,0.876,@nytimes,0.124,16
417,0.0,Wed Aug 01 20:30:10 +0000 2018,0.0,1.0,@nytimes,0.0,17
418,-0.3182,Wed Aug 01 20:15:05 +0000 2018,0.119,0.881,@nytimes,0.0,18
419,-0.25,Wed Aug 01 20:00:06 +0000 2018,0.095,0.905,@nytimes,0.0,19
420,0.0,Wed Aug 01 19:45:05 +0000 2018,0.0,1.0,@nytimes,0.0,20
421,0.0,Wed Aug 01 19:30:10 +0000 2018,0.0,1.0,@nytimes,0.0,21
422,-0.1162,Wed Aug 01 19:15:05 +0000 2018,0.147,0.65,@nytimes,0.202,22
423,-0.0772,Wed Aug 01 19:00:09 +0000 2018,0.148,0.673,@nytimes,0.179,23
424,0.4767,Wed Aug 01 18:45:08 +0000 2018,0.0,0.806,@nytimes,0.194,24
425,0.6369,Wed Aug 01 18:30:16 +0000 2018,0.0,0.826,@nytimes,0.174,25
426,0.0,Wed Aug 01 18:15:09 +0000 2018,0.0,1.0,@nytimes,0.0,26
427,0.0,Wed Aug 01 18:00:09 +0000 2018,0.0,1.0,@nytimes,0.0,27
428,0.0,Wed Aug 01 17:57:16 +0000 2018,0.0,1.0,@nytimes,0.0,28
429,0.0,Wed Aug 01 17:54:34 +0000 2018,0.0,1.0,@nytimes,0.0,29
430,0.0,Wed Aug 01 17:51:02 +0000 2018,0.0,1.0,@nytimes,0.0,30
431,-0.7269,Wed Aug 01 17:48:14 +0000 2018,0.289,0.711,@nytimes,0.0,31
432,0.5598,Wed Aug 01 17:22:21 +0000 2018,0.0,0.847,@nytimes,0.153,32
433,0.3182,Wed Aug 01 17:15:06 +0000 2018,0.0,0.897,@nytimes,0.103,33
434,-0.7506,Wed Aug 01 17:04:32 +0000 2018,0.252,0.748,@nytimes,0.0,34
435,0.4019,Wed Aug 01 16:45:09 +0000 2018,0.0,0.891,@nytimes,0.109,35
436,0.0,Wed Aug 01 16:30:06 +0000 2018,0.0,1.0,@nytimes,0.0,36
437,0.0772,Wed Aug 01 16:15:08 +0000 2018,0.078,0.829,@nytimes,0.093,37
438,-0.8658,Wed Aug 01 16:00:07 +0000 2018,0.409,0.591,@nytimes,0.0,38
439,-0.5256,Wed Aug 01 15:45:09 +0000 2018,0.139,0.861,@nytimes,0.0,39
440,0.1406,Wed Aug 01 10:51:01 +0000 2018,0.0,0.937,@nytimes,0.063,40
441,-0.7906,Wed Aug 01 10:40:06 +0000 2018,0.323,0.603,@nytimes,0.074,41
442,0.5574,Wed Aug 01 10:30:14 +0000 2018,0.123,0.577,@nytimes,0.3,42
443,0.6369,Wed Aug 01 10:15:07 +0000 2018,0.0,0.819,@nytimes,0.181,43
444,0.0,Wed Aug 01 10:00:09 +0000 2018,0.0,1.0,@nytimes,0.0,44
445,0.3612,Wed Aug 01 09:45:05 +0000 2018,0.0,0.889,@nytimes,0.111,45
446,0.5106,Wed Aug 01 09:32:05 +0000 2018,0.106,0.58,@nytimes,0.314,46
447,0.0,Wed Aug 01 09:15:08 +0000 2018,0.0,1.0,@nytimes,0.0,47
448,0.0,Wed Aug 01 09:00:05 +0000 2018,0.0,1.0,@nytimes,0.0,48
449,-0.4767,Wed Aug 01 08:46:05 +0000 2018,0.188,0.711,@nytimes,0.1,49
450,0.0,Wed Aug 01 08:30:08 +0000 2018,0.0,1.0,@nytimes,0.0,50
451,-0.5423,Wed Aug 01 08:15:06 +0000 2018,0.143,0.857,@nytimes,0.0,51
452,0.0959,Wed Aug 01 08:02:02 +0000 2018,0.114,0.759,@nytimes,0.128,52
453,-0.7713,Wed Aug 01 07:47:02 +0000 2018,0.268,0.732,@nytimes,0.0,53
454,0.5994,Wed Aug 01 07:32:06 +0000 2018,0.0,0.813,@nytimes,0.187,54
455,0.7845,Wed Aug 01 07:18:31 +0000 2018,0.0,0.615,@nytimes,0.385,55
456,0.2023,Wed Aug 01 07:18:06 +0000 2018,0.0,0.878,@nytimes,0.122,56
457,0.0258,Wed Aug 01 07:05:06 +0000 2018,0.123,0.749,@nytimes,0.128,57
458,0.0258,Wed Aug 01 06:36:50 +0000 2018,0.093,0.811,@nytimes,0.097,58
459,-0.1027,Wed Aug 01 06:19:32 +0000 2018,0.076,0.924,@nytimes,0.0,59
460,0.0,Tue Jul 31 20:31:04 +0000 2018,0.0,1.0,@nytimes,0.0,60
461,0.0,Tue Jul 31 20:15:10 +0000 2018,0.0,1.0,@nytimes,0.0,61
462,0.2023,Tue Jul 31 20:00:13 +0000 2018,0.0,0.917,@nytimes,0.083,62
463,0.0,Tue Jul 31 19:45:10 +0000 2018,0.0,1.0,@nytimes,0.0,63
464,0.7783,Tue Jul 31 19:30:12 +0000 2018,0.0,0.625,@nytimes,0.375,64
465,0.0,Tue Jul 31 19:15:09 +0000 2018,0.0,1.0,@nytimes,0.0,65
466,0.296,Tue Jul 31 19:00:07 +0000 2018,0.111,0.726,@nytimes,0.162,66
467,0.0,Tue Jul 31 18:45:07 +0000 2018,0.0,1.0,@nytimes,0.0,67
468,-0.296,Tue Jul 31 18:30:15 +0000 2018,0.121,0.879,@nytimes,0.0,68
469,-0.5719,Tue Jul 31 18:15:11 +0000 2018,0.188,0.812,@nytimes,0.0,69
470,-0.3182,Tue Jul 31 18:00:18 +0000 2018,0.103,0.897,@nytimes,0.0,70
471,0.0,Tue Jul 31 17:45:10 +0000 2018,0.0,1.0,@nytimes,0.0,71
472,0.4588,Tue Jul 31 17:30:09 +0000 2018,0.0,0.864,@nytimes,0.136,72
473,0.25,Tue Jul 31 17:15:04 +0000 2018,0.149,0.614,@nytimes,0.237,73
474,-0.2732,Tue Jul 31 17:05:08 +0000 2018,0.11,0.89,@nytimes,0.0,74
475,0.0,Tue Jul 31 16:50:03 +0000 2018,0.0,1.0,@nytimes,0.0,75
476,-0.5859,Tue Jul 31 16:35:04 +0000 2018,0.15,0.803,@nytimes,0.047,76
477,-0.4767,Tue Jul 31 16:21:57 +0000 2018,0.162,0.838,@nytimes,0.0,77
478,0.0,Tue Jul 31 16:15:06 +0000 2018,0.0,1.0,@nytimes,0.0,78
479,0.0,Tue Jul 31 16:00:18 +0000 2018,0.0,1.0,@nytimes,0.0,79
480,0.2732,Tue Jul 31 01:17:02 +0000 2018,0.062,0.8,@nytimes,0.138,80
481,0.0,Tue Jul 31 01:03:10 +0000 2018,0.0,1.0,@nytimes,0.0,81
482,-0.296,Tue Jul 31 00:47:05 +0000 2018,0.099,0.901,@nytimes,0.0,82
483,-0.4019,Tue Jul 31 00:32:03 +0000 2018,0.119,0.881,@nytimes,0.0,83
484,0.8779,Tue Jul 31 00:17:02 +0000 2018,0.0,0.675,@nytimes,0.325,84
485,-0.296,Tue Jul 31 00:02:08 +0000 2018,0.099,0.901,@nytimes,0.0,85
486,0.0258,Mon Jul 30 23:47:05 +0000 2018,0.093,0.811,@nytimes,0.097,86
487,-0.7184,Mon Jul 30 23:32:03 +0000 2018,0.25,0.75,@nytimes,0.0,87
488,0.0,Mon Jul 30 23:17:03 +0000 2018,0.0,1.0,@nytimes,0.0,88
489,0.5267,Mon Jul 30 23:02:03 +0000 2018,0.0,0.833,@nytimes,0.167,89
490,0.0,Mon Jul 30 22:47:04 +0000 2018,0.0,1.0,@nytimes,0.0,90
491,-0.0762,Mon Jul 30 22:32:07 +0000 2018,0.08,0.92,@nytimes,0.0,91
492,0.0,Mon Jul 30 22:12:04 +0000 2018,0.0,1.0,@nytimes,0.0,92
493,-0.3182,Mon Jul 30 21:59:04 +0000 2018,0.133,0.788,@nytimes,0.079,93
494,0.0,Mon Jul 30 21:48:04 +0000 2018,0.0,1.0,@nytimes,0.0,94
495,0.7178,Mon Jul 30 21:40:05 +0000 2018,0.0,0.709,@nytimes,0.291,95
496,0.0,Mon Jul 30 21:32:05 +0000 2018,0.0,1.0,@nytimes,0.0,96
497,0.1027,Mon Jul 30 21:21:04 +0000 2018,0.102,0.777,@nytimes,0.121,97
498,0.1027,Mon Jul 30 21:13:39 +0000 2018,0.097,0.787,@nytimes,0.116,98
499,0.0,Mon Jul 30 21:00:06 +0000 2018,0.0,1.0,@nytimes,0.0,99
